Workbook
Name Slicer_company_name: #N/A

Sheet dim_exchange
A1: exchange_id | B1: exchange_name | C1: country | D1: currency
A2: EXCH01 | B2: NSE | C2: India | D2: INR
A3: EXCH02 | B3: NASDAQ | C3: USA | D3: USD

Sheet dim_sector
A1: sector_id | B1: sector_name
A2: SEC01 | B2: Information Technology
A3: SEC02 | B3: Financials
A4: SEC03 | B4: Healthcare
A5: SEC04 | B5: Energy
A6: SEC05 | B6: Consumer Discretionary

Sheet dim_company
A1: company_id | B1: ticker | C1: company_name | D1: sector_id | E1: exchange_id
A2: COMP001 | B2: TCS | C2: TCS | D2: SEC01 | E2: EXCH01
A3: COMP002 | B3: INFY | C3: Infosys | D3: SEC01 | E3: EXCH01
A4: COMP003 | B4: HDFCBANK | C4: HDFC Bank | D4: SEC02 | E4: EXCH01
A5: COMP004 | B5: RELIANCE | C5: Reliance | D5: SEC04 | E5: EXCH01
A6: COMP005 | B6: AAPL | C6: Apple | D6: SEC01 | E6: EXCH02
A7: COMP006 | B7: MSFT | C7: Microsoft | D7: SEC01 | E7: EXCH02
A8: COMP007 | B8: AMZN | C8: Amazon | D8: SEC05 | E8: EXCH02
A9: COMP008 | B9: PFE | C9: Pfizer | D9: SEC03 | E9: EXCH02

Sheet dim_trader
A1: trader_id | B1: trader_name | C1: desk
A2: TRD000001 | B2: Taylor Shah | C2: Momentum
A3: TRD000002 | B3: Drew Williams | C3: Alpha
A4: TRD000003 | B4: Avery Garcia | C4: Discretionary
A5: TRD000004 | B5: Taylor Harris | C5: Quant
A6: TRD000005 | B6: Jordan Clark | C6: Discretionary
A7: TRD000006 | B7: Reese Patel | C7: Quant
A8: TRD000007 | B8: Alex Lee | C8: Momentum
A9: TRD000008 | B9: Morgan Williams | C9: Quant
A10: TRD000009 | B10: Robin Lewis | C10: Quant
A11: TRD000010 | B11: Alex Harris | C11: Momentum
A12: TRD000011 | B12: Morgan Harris | C12: Quant
... A31: TRD000030 | B31: Riley Lee | C31: Momentum

Sheet dim_portfolio
A1: portfolio_id | B1: portfolio_name | C1: manager
A2: PF000001 | B2: Portfolio 1 | C2: Skyler Wilson
A3: PF000002 | B3: Portfolio 2 | C3: Rowan Garcia
A4: PF000003 | B4: Portfolio 3 | C4: Drew Garcia
A5: PF000004 | B5: Portfolio 4 | C5: Avery Harris
A6: PF000005 | B6: Portfolio 5 | C6: Kai Brown
A7: PF000006 | B7: Portfolio 6 | C7: Kendall Anderson
A8: PF000007 | B8: Portfolio 7 | C8: Kendall Wilson
A9: PF000008 | B9: Portfolio 8 | C9: Elliot Williams
A10: PF000009 | B10: Portfolio 9 | C10: Casey White
A11: PF000010 | B11: Portfolio 10 | C11: Skyler Lee

Sheet dim_calendar
A1: date
A2: 45658
A3: 45659
A4: 45660
A5: 45663
A6: 45664
A7: 45665
A8: 45666
A9: 45667
A10: 45670
A11: 45671
A12: 45672
A13: 45673
... A130: 45838

Sheet fact_daily_prices
A1: date | B1: company_id | C1: open | D1: high | E1: low | F1: close | G1: volume | H1: Daily Return
A2: 45658 | B2: COMP001 | C2: 796.56 | D2: 800.79 | E2: 792.33 | F2: 800.53 | G2: 42106
A3: 45659 | B3: COMP001 | C3: 805.97 | D3: 809.55 | E3: 802.39 | F3: 803.94 | G3: 9680 | H3: =(Table7[[#This Row],[close]]-F2)/F2 -> 0.004259678 | J3: =_xlfn.STDEV.S(H3:H1033) -> 0.05633878
A4: 45660 | B4: COMP001 | C4: 809.42 | D4: 818.12 | E4: 800.72 | F4: 806.96 | G4: 36153 | H4: =(Table7[[#This Row],[close]]-F3)/F3 -> 0.0037564992
A5: 45663 | B5: COMP001 | C5: 818.82 | D5: 831.19 | E5: 806.45 | F5: 817.5 | G5: 9120 | H5: =(Table7[[#This Row],[close]]-F4)/F4 -> 0.013061366
A6: 45664 | B6: COMP001 | C6: 805.15 | D6: 813.57 | E6: 796.72 | F6: 811.73 | G6: 21445 | H6: =(Table7[[#This Row],[close]]-F5)/F5 -> -0.007058104
A7: 45665 | B7: COMP001 | C7: 810.34 | D7: 817.79 | E7: 802.88 | F7: 806.57 | G7: 32065 | H7: =(Table7[[#This Row],[close]]-F6)/F6 -> -0.0063567935
A8: 45666 | B8: COMP001 | C8: 804.7 | D8: 816.71 | E8: 792.7 | F8: 800.97 | G8: 46936 | H8: =(Table7[[#This Row],[close]]-F7)/F7 -> -0.0069429808
A9: 45667 | B9: COMP001 | C9: 793.07 | D9: 795.72 | E9: 790.42 | F9: 791.89 | G9: 21932 | H9: =(Table7[[#This Row],[close]]-F8)/F8 -> -0.011336255
A10: 45670 | B10: COMP001 | C10: 768.48 | D10: 780.24 | E10: 756.73 | F10: 766.43 | G10: 44016 | H10: =(Table7[[#This Row],[close]]-F9)/F9 -> -0.03215093
A11: 45671 | B11: COMP001 | C11: 772.58 | D11: 780.18 | E11: 764.98 | F11: 775.85 | G11: 2154 | H11: =(Table7[[#This Row],[close]]-F10)/F10 -> 0.012290751
A12: 45672 | B12: COMP001 | C12: 787.6 | D12: 797.49 | E12: 777.72 | F12: 784.06 | G12: 13183 | H12: =(Table7[[#This Row],[close]]-F11)/F11 -> 0.010581942
A13: 45673 | B13: COMP001 | C13: 768.68 | D13: 782.43 | E13: 754.94 | F13: 769.33 | G13: 6539 | H13: =(Table7[[#This Row],[close]]-F12)/F12 -> -0.018786828
A14: 45674 | B14: COMP001 | C14: 767.61 | D14: 779.13 | E14: 756.09 | F14: 765.38 | G14: 49354 | H14: =(Table7[[#This Row],[close]]-F13)/F13 -> -0.0051343377
A15: 45677 | B15: COMP001 | C15: 754.13 | D15: 764.08 | E15: 744.17 | F15: 758.43 | G15: 3200 | H15: =(Table7[[#This Row],[close]]-F14)/F14 -> -0.0090804568
... A1033: 45838 | B1033: COMP008 | C1033: 1378.34 | D1033: 1385.28 | E1033: 1371.39 | F1033: 1377.18 | G1033: 24238 | H1033: =(Table7[[#This Row],[close]]-F1032)/F1032 -> -0.023858127

Sheet Sheet1
A1: Row Labels | B1: Average of volume | F1: Sum of quantity | G1: Column Labels
A2: Amazon | B2: 25383.45 | F2: Row Labels | G2: BUY | H2: SELL | I2: Grand Total
A3: Apple | B3: 24705.674 | F3: Amazon | G3: 20207 | H3: 21820 | I3: 42027
A4: HDFC Bank | B4: 26012.977 | F4: Apple | G4: 16842 | H4: 12057 | I4: 28899
A5: Infosys | B5: 24653.922 | F5: HDFC Bank | G5: 16750 | H5: 12154 | I5: 28904
A6: Microsoft | B6: 25531.798 | F6: Infosys | G6: 14701 | H6: 15361 | I6: 30062
A7: Pfizer | B7: 24664.891 | F7: Microsoft | G7: 18228 | H7: 18210 | I7: 36438
A8: Reliance | B8: 27069.814 | F8: Pfizer | G8: 18098 | H8: 12753 | I8: 30851
A9: TCS | B9: 25295.845 | F9: Reliance | G9: 15905 | H9: 18218 | I9: 34123
A10: Grand Total | B10: 25414.797 | F10: TCS | G10: 13554 | H10: 14861 | I10: 28415
F11: Grand Total | G11: 134285 | H11: 125434 | I11: 259719
A12: Row Labels | B12: Max of high | C12: Min of low
A13: HDFC Bank | B13: 2324.77 | C13: 1940.66 | F13: Row Labels | G13: Average of Daily Return
A14: Pfizer | B14: 1462.28 | C14: 940.81 | F14: Amazon | G14: 0.010108877
A15: Infosys | B15: 1359.78 | C15: 1136.01 | F15: Apple | G15: -0.0044708494
A16: TCS | B16: 857.85 | C16: 722.55 | F16: HDFC Bank | G16: 0.0058999771
A17: Reliance | B17: 714.67 | C17: 585.61 | F17: Infosys | G17: 0.0040043995
A18: Amazon | B18: 635.26 | C18: 443.03 | F18: Microsoft | G18: -0.00077498845
A19: Apple | B19: 268.1 | C19: 223.76 | F19: Pfizer | G19: 0.0080302445
A20: Microsoft | B20: 254.93 | C20: 209.62 | F20: Reliance | G20: -0.0046570733
A21: Grand Total | B21: 2324.77 | C21: 209.62 | F21: TCS | G21: 7.3026907e-05
F22: Grand Total | G22: 0.0022788392
A24: Row Labels | B24: Average of Avg Trade Value | F24: Row Labels | G24: Sum of fees
A25: Amazon | B25: 324797.06 | F25: Amazon | G25: 11855.1
A26: Apple | B26: 122860.82 | F26: Apple | G26: 3501.51
A27: HDFC Bank | B27: 1055458.7 | F27: HDFC Bank | G27: 31136.05
A28: Infosys | B28: 633085.01 | F28: Infosys | G28: 18992.56
A29: Microsoft | B29: 132730.94 | F29: Microsoft | G29: 4313.76
A30: Pfizer | B30: 585434.32 | F30: Pfizer | G30: 18441.2
A31: Reliance | B31: 359184.66 | F31: Reliance | G31: 10955.13
A32: TCS | B32: 358025.19 | F32: TCS | G32: 11098.8
A33: Grand Total | B33: 441176.23 | F33: Grand Total | G33: 110294.11

Sheet Sheet2
A1: Row Labels | B1: Max Opening Price
A2: Amazon | B2: 628.17
A3: Apple | B3: 265.27
A4: HDFC Bank | B4: 2306.96
A5: Infosys | B5: 1336.36
A6: Microsoft | B6: 251.68
A7: Pfizer | B7: 1451.16
A8: Reliance | B8: 703.99
A9: TCS | B9: 848.04
A10: Grand Total | B10: 2306.96

Sheet fact_dividends
A1: date | B1: company_id | C1: dividend_per_share
A2: 45838 | B2: COMP001 | C2: 17.05
A3: 45838 | B3: COMP002 | C3: 17.6
A4: 45747 | B4: COMP003 | C4: 12.5
A5: 45747 | B5: COMP006 | C5: 4.37
A6: 45838 | B6: COMP006 | C6: 22.35
A7: 45747 | B7: COMP007 | C7: 20.39
A8: 45838 | B8: COMP007 | C8: 13.49
A9: 45838 | B9: COMP008 | C9: 12.25

Sheet fact_splits
A1: company_id | B1: date | C1: split_ratio
A2: COMP004 | B2: 45798 | C2: 1.5
A3: COMP008 | B3: 45793 | C3: 2
A4: COMP004 | B4: 45821 | C4: 2
A5: COMP001 | B5: 45797 | C5: 1.5
A6: COMP008 | B6: 45782 | C6: 2

Sheet fact_orders
A1: order_id | B1: order_ts | C1: company_id | D1: side | E1: quantity | F1: status | G1: order_type | H1: limit_price | I1: trader_id | J1: portfolio_id | K1: date
A2: ORD00001 | B2: 45713 | C2: COMP002 | D2: BUY | E2: 827 | F2: FILLED | G2: MARKET | I2: TRD000004 | J2: PF000006 | K2: 45716
A3: ORD00002 | B3: 45726 | C3: COMP006 | D3: BUY | E3: 665 | F3: FILLED | G3: MARKET | I3: TRD000007 | J3: PF000006 | K3: 45791
A4: ORD00003 | B4: 45832 | C4: COMP007 | D4: SELL | E4: 787 | F4: FILLED | G4: MARKET | I4: TRD000020 | J4: PF000006 | K4: 45800
A5: ORD00004 | B5: 45687 | C5: COMP002 | D5: BUY | E5: 194 | F5: FILLED | G5: MARKET | I5: TRD000006 | J5: PF000009 | K5: 45805
A6: ORD00005 | B6: 45782 | C6: COMP003 | D6: BUY | E6: 331 | F6: FILLED | G6: MARKET | I6: TRD000019 | J6: PF000008 | K6: 45723
A7: ORD00006 | B7: 45749 | C7: COMP001 | D7: BUY | E7: 330 | F7: FILLED | G7: MARKET | I7: TRD000012 | J7: PF000006 | K7: 45713
A8: ORD00007 | B8: 45765 | C8: COMP006 | D8: BUY | E8: 203 | F8: FILLED | G8: MARKET | I8: TRD000002 | J8: PF000002 | K8: 45819
A9: ORD00008 | B9: 45835 | C9: COMP008 | D9: BUY | E9: 323 | F9: FILLED | G9: MARKET | I9: TRD000006 | J9: PF000009 | K9: 45778
A10: ORD00009 | B10: 45834 | C10: COMP005 | D10: SELL | E10: 857 | F10: FILLED | G10: MARKET | I10: TRD000016 | J10: PF000002 | K10: 45803
A11: ORD00010 | B11: 45803 | C11: COMP008 | D11: BUY | E11: 764 | F11: FILLED | G11: MARKET | I11: TRD000030 | J11: PF000007 | K11: 45758
A12: ORD00011 | B12: 45778 | C12: COMP008 | D12: BUY | E12: 151 | F12: FILLED | G12: MARKET | I12: TRD000016 | J12: PF000009 | K12: 45714
A13: ORD00012 | B13: 45768 | C13: COMP001 | D13: BUY | E13: 52 | F13: FILLED | G13: MARKET | I13: TRD000015 | J13: PF000002 | K13: 45814
... A501: ORD00500 | B501: 45765 | C501: COMP004 | D501: BUY | E501: 902 | F501: FILLED | G501: MARKET | I501: TRD000015 | J501: PF000003 | K501: 45749

Sheet fact_trades
A1: trade_id | B1: order_id | C1: trade_ts | D1: company_id | E1: side | F1: quantity | G1: price | H1: fees | I1: trader_id | J1: portfolio_id | K1: exchange_id | L1: date | M1: Trade Value
A2: TR_SYN_0000001 | B2: ORD00044 | C2: 45713.019 | D2: COMP005 | E2: BUY | F2: 827 | G2: 231.66 | H2: 95.79 | I2: TRD000028 | J2: PF000009 | L2: 45786 | M2: =Table11[[#This Row],[quantity]]*Table11[[#This Row],[price]] -> 191582.82
A3: TR_SYN_0000002 | B3: ORD00147 | C3: 45726.024 | D3: COMP008 | E3: BUY | F3: 665 | G3: 1099.75 | H3: 365.67 | I3: TRD000010 | J3: PF000004 | L3: 45681 | M3: =Table11[[#This Row],[quantity]]*Table11[[#This Row],[price]] -> 731333.75
A4: TR_SYN_0000003 | B4: ORD00281 | C4: 45832.041 | D4: COMP003 | E4: SELL | F4: 787 | G4: 2156.16 | H4: 848.45 | I4: TRD000012 | J4: PF000007 | L4: 45714 | M4: =Table11[[#This Row],[quantity]]*Table11[[#This Row],[price]] -> 1696897.9
A5: TR_SYN_0000004 | B5: ORD00014 | C5: 45687.04 | D5: COMP004 | E5: BUY | F5: 194 | G5: 604.46 | H5: 58.63 | I5: TRD000016 | J5: PF000010 | L5: 45820 | M5: =Table11[[#This Row],[quantity]]*Table11[[#This Row],[price]] -> 117265.24
A6: TR_SYN_0000005 | B6: ORD00023 | C6: 45782.032 | D6: COMP008 | E6: BUY | F6: 331 | G6: 1369.91 | H6: 226.72 | I6: TRD000017 | J6: PF000010 | L6: 45673 | M6: =Table11[[#This Row],[quantity]]*Table11[[#This Row],[price]] -> 453440.21
A7: TR_SYN_0000006 | B7: ORD00390 | C7: 45749.022 | D7: COMP005 | E7: BUY | F7: 330 | G7: 246.17 | H7: 40.62 | I7: TRD000026 | J7: PF000007 | L7: 45762 | M7: =Table11[[#This Row],[quantity]]*Table11[[#This Row],[price]] -> 81236.1
A8: TR_SYN_0000007 | B8: ORD00249 | C8: 45765.025 | D8: COMP006 | E8: BUY | F8: 203 | G8: 241.39 | H8: 24.5 | I8: TRD000020 | J8: PF000003 | L8: 45763 | M8: =Table11[[#This Row],[quantity]]*Table11[[#This Row],[price]] -> 49002.17
A9: TR_SYN_0000008 | B9: ORD00476 | C9: 45835.022 | D9: COMP001 | E9: BUY | F9: 323 | G9: 784.63 | H9: 126.72 | I9: TRD000030 | J9: PF000002 | L9: 45720 | M9: =Table11[[#This Row],[quantity]]*Table11[[#This Row],[price]] -> 253435.49
A10: TR_SYN_0000009 | B10: ORD00374 | C10: 45834.002 | D10: COMP005 | E10: SELL | F10: 857 | G10: 255.49 | H10: 109.48 | I10: TRD000027 | J10: PF000009 | L10: 45659 | M10: =Table11[[#This Row],[quantity]]*Table11[[#This Row],[price]] -> 218954.93
A11: TR_SYN_0000010 | B11: ORD00377 | C11: 45803.001 | D11: COMP007 | E11: BUY | F11: 764 | G11: 608.33 | H11: 232.38 | I11: TRD000002 | J11: PF000007 | L11: 45734 | M11: =Table11[[#This Row],[quantity]]*Table11[[#This Row],[price]] -> 464764.12
A12: TR_SYN_0000011 | B12: ORD00063 | C12: 45778.033 | D12: COMP002 | E12: BUY | F12: 151 | G12: 1209.1 | H12: 91.29 | I12: TRD000002 | J12: PF000001 | L12: 45810 | M12: =Table11[[#This Row],[quantity]]*Table11[[#This Row],[price]] -> 182574.1
A13: TR_SYN_0000012 | B13: ORD00369 | C13: 45768.039 | D13: COMP001 | E13: BUY | F13: 52 | G13: 798.26 | H13: 20.75 | I13: TRD000003 | J13: PF000003 | L13: 45765 | M13: =Table11[[#This Row],[quantity]]*Table11[[#This Row],[price]] -> 41509.52
... A501: TR_SYN_0000500 | B501: ORD00463 | C501: 45765.04 | D501: COMP005 | E501: BUY | F501: 902 | G501: 256.23 | H501: 115.56 | I501: TRD000025 | J501: PF000006 | L501: 45779 | M501: =Table11[[#This Row],[quantity]]*Table11[[#This Row],[price]] -> 231119.46

Sheet fact_positions_snapshot
A1: portfolio_id | B1: company_id | C1: date | D1: quantity
A2: PF000010 | B2: COMP007 | C2: 45706 | D2: 916
A3: PF000007 | B3: COMP003 | C3: 45763 | D3: 202
A4: PF000007 | B4: COMP006 | C4: 45737 | D4: 833
A5: PF000001 | B5: COMP004 | C5: 45716 | D5: 908
A6: PF000002 | B6: COMP008 | C6: 45707 | D6: 809
A7: PF000008 | B7: COMP004 | C7: 45709 | D7: 345
A8: PF000005 | B8: COMP001 | C8: 45813 | D8: 934
A9: PF000004 | B9: COMP001 | C9: 45776 | D9: 618
A10: PF000008 | B10: COMP006 | C10: 45667 | D10: 896
A11: PF000009 | B11: COMP003 | C11: 45715 | D11: 479

Sheet Dashboard
B4: =Sheet2!B1 -> Max Opening Price | F4: Total Traders | J4: Volatality | N4: Total Order Qty. | R4: Max Dividend
B6: =MAX(Sheet2!B2:B9) -> 2306.96 | F6: =COUNTA(dim_trader!B2:B31) -> 30 | J6: =fact_daily_prices!J3 -> 0.05633878 | N6: =SUM(fact_orders!E2:E501) -> 259719 | R6: =MAX(fact_dividends!C2:C9) -> 22.35
